{"ZRX-PERP":[1.45075,1.55575,1.75775,1.84325,1.89,1.71775,1.6955],"NEAR-PERP":[5.5295,5.7475,5.6755,5.837,5.8865,5.5685,5.576],"BAT-PERP":[1.076025,1.127675,1.0773,1.122425,1.135825,1.1112,1.0963],"SUSHI-PERP":[15.05,15.2926,14.1235,14.5238,14.658,14.5623,14.6],"GRT-PERP":[1.66505,1.73025,1.6266,1.6851,1.73505,1.6318,1.64865],"IOTA-PERP":[1.3689,1.476,1.4096,1.5247,1.5478,1.4787,1.46],"ALGO-PERP":[1.2176,1.3055,1.25,1.2934,1.3057,1.2613,1.2322],"BNT-PERP":[7.074,7.315,7.065,7.355,7.447,7.314,7.241],"OXY-PERP":[2.766,2.885,2.76,2.823,2.8225,2.7905,2.8145],"WAVES-PERP":[11.669,12.2195,11.29,11.5715,11.629,11.5455,11.381],"FTM-PERP":[0.38425,0.42345,0.38365,0.411,0.42185,0.3819,0.38],"CRO-PERP":[0.195875,0.212525,0.201125,0.207,0.2064,0.202175,0.198725],"BTMX-PERP":[1.87262,1.4872,1.63453,1.246,1.22988,1.08884,1.12112],"LUNA-PERP":[18.174,18.168,17.67,18.037,18.318,17.156,17.743],"CAKE-PERP":[16.06,16.545,16.85,16.36,16.8,15.42,15.3],"XAUT-PERP":[1693.2,1653,1667.1,1701.8,1718.8,1728.8,1721],"SKL-PERP":[0.7286,0.6684,0.6684],"BTC-PERP":[54980,57150,56927,58000,58550,56934,56505],"PAXG-PERP":[1717.1,1687.6,1689.2,1718.3,1728.3,1735.6,1738.1],"BRZ-PERP":[0.17001,0.171,0.17173,0.17403,0.172,0.17328,0.17346],"AR-PERP":[27.049,26.527,26.889,30.156,28.231,25.144,26.348],"STORJ-PERP":[2.98,2.7245,2.775],"ADA-PERP":[1.18033,1.1913,1.149735,1.173295,1.18314,1.160735,1.13525],"CRV-PERP":[2.9983,3.1533,2.9078,3.0543,3.2325,2.9,2.86],"USDT-PERP":[1,1,1.0002,0.9998,0.9998,0.9999,1],"SRN-PERP":[0.05634,0.06815,0.03211,0.0301,0.0246,0.024075,0.03254],"ORBS-PERP":[0.23555,0.213225,0.213275],"TRYB-PERP":[0.1212,0.11921,0.11966,0.12076,0.12054,0.12075,0.12067],"CUSDT-PERP":[0.0208875,0.020905,0.02092,0.02092,0.0208975,0.0209125,0.0209275],"AUDIO-PERP":[3.2365,3.17,3,3.024,3.0735,3.037,3.06],"ENJ-PERP":[2.3861,2.4203,2.3,2.42605,2.42405,2.25645,2.2615],"DODO-PERP":[3.9775,3.8645,3.604,3.5735],"RSR-PERP":[0.081535,0.085175,0.084785,0.08475,0.08607,0.0775,0.07861],"REEF-PERP":[0.03883,0.04264,0.035445,0.038305,0.03737,0.036015,0.035445],"LEO-PERP":[2.1078,2.0549,2.0346,1.996,2.0208,2.0063,2.0058],"VET-PERP":[0.08862,0.088435,0.0825,0.08669,0.08662,0.08751,0.08534],"THETA-PERP":[12.8435,12.69645,11.59045,11.2752,11.24665,11.26635,11.20515],"MATIC-PERP":[0.33792,0.3617725,0.3365275,0.35293,0.358145,0.35107,0.342755],"LINA-PERP":[0.14078,0.14,0.128105,0.13072,0.13339,0.121775,0.122045],"SAND-PERP":[0.7622,0.77275,0.71235,0.7357,0.72285,0.6745,0.66525],"HBAR-PERP":[0.360825,0.3395,0.33335,0.336,0.30535,0.3068],"KSM-PERP":[506.99,519,480,449.89,419.74,422.1,431.5],"CHZ-PERP":[0.518953,0.518856,0.462813,0.480735,0.484693,0.424563,0.443157],"1INCH-PERP":[4.0273,4.4318,4.101,4.2204,4.3985,4.2328,4.1452],"MTA-PERP":[2.846,2.86,2.8405,3.045,3.1135,3.05,2.9165],"AVAX-PERP":[28.295,29.084,26.2,27.943,28.054,27.872,27.412],"SHIT-PERP":[7853.6,8207,7878.9,8045.2,8113.9,7925.1,7833.9],"LTC-PERP":[182.59,190.55,187.17,194.48,201.28,195.18,189.63],"FTT-PERP":[36.2755,38.1995,38.6055,39.252,40.536,39.624,39.185],"DOGE-PERP":[0.053382,0.053832,0.051204,0.053786,0.057401,0.05555,0.055103],"OKB-PERP":[13.408,14.309,15.342,16.1475,17.124,15.639,15.721],"YFI-PERP":[32375,35150,33825,35675,36005,35845,35280],"REN-PERP":[0.9933,1.05775,0.94595,1.0169,1.03945,1.00425,0.927],"ALPHA-PERP":[1.7638,1.8222,1.7,1.71,1.756,1.7499,1.77305],"ZIL-PERP":[0.17039,0.17414,0.16696,0.17094,0.17635,0.18037,0.1792],"AMPL-PERP":[0.8075,0.8477,0.832,0.8518,0.8493,1.0047,1.0014],"SNX-PERP":[16.35,17.33,16.587,17.667,18.8245,19.0365,19.0345],"FIDA-PERP":[1.6882,1.8093,1.697,1.7571,1.7692,1.866,1.9337],"ZEC-PERP":[141.84,146.05,146.47,153.03,164.09,162.44,170],"FIL-PERP":[123.73,124.9,144.54,181.5,161.01,162.175,178.415],"FLM-PERP":[0.5965,0.6305,0.6035,0.736,0.745,0.77,0.761],"DASH-PERP":[204.2,210.275,205.625,220.825,229.3,221.35,221.375],"KNC-PERP":[2.598,2.6758,2.5129,2.6553,2.79,3.0282,3.2259],"HOLY-PERP":[7.8927,8.21,8.2108,7.3076,8.4196,8.9137,9.1721],"DOT-PERP":[31.785,33.526,33.27,36.134,36.642,41.027,40.71],"SECO-PERP":[4.943,5.1204,5.0823,5.2266,5.2436,5.5522,5.8813],"SRM-PERP":[4.815,5.23,5,5.127,5.199,5.556,5.606],"EOS-PERP":[4.0685,4.20825,4.06375,4.7225,5.37225,5.2,5.32775],"BAO-PERP":[0.00072775,0.000752,0.00073025,0.00074,0.0008175,0.000745,0.000758],"STMX-PERP":[0.0537525,0.055395,0.05772,0.061525,0.063225,0.069165,0.06976],"XLM-PERP":[0.39195,0.398325,0.376775,0.401625,0.42585,0.407575,0.3948],"KIN-PERP":[0.0002444,0.0002344,0.000215,0.0003012,0.00032522,0.00031168,0.00032118],"MID-PERP":[2798.9,2929.6,2850,3012.1,3095.9,3032.1,2987.3],"BCH-PERP":[492.2,512,503.45,529.75,545.95,530,521.75],"MKR-PERP":[2035,2082.5,2021,2109,2277,2198.5,2218.5],"OMG-PERP":[5.853,6.59,6.381,7.333,7.101,6.7235,6.577],"HT-PERP":[13.33,14.339,14.806,15.0815,16.3755,15.6605,15.4425],"ATOM-PERP":[19.1115,19.4495,18.1385,19.004,19.2155,19.812,19.645],"BSV-PERP":[197.39,204.56,196.9,213.43,226.28,213.27,215.99],"ONT-PERP":[1.46035,1.5859,1.4674,1.71635,1.7026,1.54695,1.55],"UNI-PERP":[27.548,28.338,26.669,28.154,28.728,29.354,28.916],"DMG-PERP":[0.068,0.07,0.069,0.07,0.07,0.07,0.072],"RUNE-PERP":[6.1285,6.64,6.9535,7.9655,7.931,8.199,9.057],"SOL-PERP":[17.6825,18.9625,18.0075,18.8,18.5825,19.7225,21.96],"COMP-PERP":[358.09,399.22,382.01,399.68,445.5,464.5,469.16],"DENT-PERP":[0.010079,0.011957,0.011616,0.0121,0.013567,0.014,0.015599],"EXCH-PERP":[7071.4,7379.4,7587.5,7980.5,8333.3,8055.5,8000],"PERP-PERP":[7.137,7.158,8.012,8.106,8.719,8.381,8.32],"ETC-PERP":[11.736,12.3725,12.5855,13.597,14.141,13.54,13.3645],"XMR-PERP":[231.17,233.18,243.02,244.72,249.61,252.83,247.59],"TRX-PERP":[0.06326,0.0641975,0.065655,0.0823,0.08435,0.08811,0.100025],"HNT-PERP":[9.8386,9.9332,9.0442,10.2133,12.6088,13.1105,14.9667],"LRC-PERP":[0.4844,0.5334,0.50655,0.52665,0.52805,0.5245,0.51745],"XRP-PERP":[0.543775,0.5581,0.525,0.547025,0.566825,0.571625,0.5628],"CONV-PERP":[0.146,0.11537,0.1242,0.13524,0.131,0.13086],"BTT-PERP":[0.00352085,0.0037305,0.00448005,0.00488885,0.0052036,0.0062791,0.00675455],"BADGER-PERP":[35.2,37.2,36.11,36.9,42.1,39.025,38.795],"KAVA-PERP":[5.4855,5.8975,5.5135,5.814,6.6675,6.101,6.076],"AAVE-PERP":[344.94,353.38,357,370,377.86,377,370],"XTZ-PERP":[4.1876,4.552,4.2272,4.7578,4.9851,4.705,4.6707],"BAL-PERP":[50.505,54.2525,54.2,54.76,55.215,56.045,55.2925],"UNISWAP-PERP":[56325,59725,58450,60925,62350,62700,60225],"LINK-PERP":[26.41,27.5005,26.241,29.406,29.596,29.1255,28.7],"PRIV-PERP":[3617.4,3883.3,3883.3,4044,4136.4,4083.5,4053.3],"DRGN-PERP":[4507.8,4876,4618,5087.9,5126.3,4998.4,4928.2],"HOT-PERP":[0.010057,0.012576,0.0152,0.0166,0.017147,0.0211,0.0223],"ETH-PERP":[1679,1788.9,1775,1886,1951.6,2003,1984],"NEO-PERP":[43.57,44.3375,42.575,50.475,51.22,50.6125,49.69],"YFII-PERP":[2193.25,2328.5,2194,2342.75,2608.75,2526.5,2522],"ALT-PERP":[3219.7,3337.2,3324.05,3562.2,3693.35,3719.35,3666],"FLOW-PERP":[29.66,31.73,32.34,31.02,29.195,29.7,30.225],"RAY-PERP":[8.4341,8.7753,8.51,8.502,8.75,9.1129,8.8659],"ROOK-PERP":[308.2,317,300.7,337.6,401.15,344.8,352.15],"SC-PERP":[0.02369,0.0247225,0.02251,0.0257275,0.0282175,0.0258775,0.0258875],"TRU-PERP":[0.41795,0.44505,0.468475,0.46345,0.45435,0.45,0.44625],"DEFI-PERP":[9856.8,10375.1,9913.5,10810.8,10976.4,11346.2,10808.2],"ALCX-PERP":[1412.7,1510,1646,1715,1550.1,1703.6],"BAND-PERP":[13.759,14.096,12.87,15.8,15.75,15.617,15.416],"MAPS-PERP":[1.0963,1.2265,1.22,1.2439,1.2471,1.2749,1.28],"SXP-PERP":[3.043,3.244,3.1835,3.4215,3.5665,3.3695,3.2045],"EGLD-PERP":[138.675,141.785,130.5,138.42,150.945,155,156.17],"QTUM-PERP":[7.965,8.652,7.931,9.423,9.81,9.751,9.609],"TOMO-PERP":[2.5235,2.5962,2.53,2.60235,2.71785,2.5662,2.50715],"MTL-PERP":[5.512,5.06,5.0675,5.8745],"CREAM-PERP":[115.75,130.85,121.5,123.2,141.15,125.15,124.55],"BNB-PERP":[264.44,271.4,285.9975,301.35,325,315.805,313.12]}